{"cameraMode":{"drawMode":0,"name":"Shaded","section":"Shading Mode"},"sceneLighting":false,"audioPlay":false,"sceneViewState":{"showFog":true,"showMaterialUpdate":false,"showSkybox":true,"showFlares":true,"showImageEffects":true,"showParticleSystems":true},"in2DMode":false,"pivot":{"x":-2.863224983215332,"y":1.6620004177093506,"z":2.7100000381469728},"rotation":{"x":-0.14377236366271974,"y":0.8181355595588684,"z":-0.23251311480998994,"w":-0.5058867335319519},"size":3.6425867080688478,"orthographic":false}