{"cameraMode":{"drawMode":0,"name":"Shaded","section":"Shading Mode"},"sceneLighting":true,"audioPlay":false,"sceneViewState":{"showFog":true,"showMaterialUpdate":false,"showSkybox":true,"showFlares":true,"showImageEffects":true,"showParticleSystems":true},"in2DMode":false,"pivot":{"x":-0.05142092704772949,"y":-0.1058042049407959,"z":1.6718318462371827},"rotation":{"x":-0.08463187515735626,"y":0.5866219401359558,"z":-0.061822306364774707,"w":-0.8030505776405335},"size":16.004148483276368,"orthographic":false}