{"cameraMode":{"drawMode":0,"name":"Shaded","section":"Shading Mode"},"sceneLighting":true,"audioPlay":false,"sceneViewState":{"showFog":true,"showMaterialUpdate":false,"showSkybox":true,"showFlares":true,"showImageEffects":true,"showParticleSystems":true},"in2DMode":false,"pivot":{"x":-6.947659015655518,"y":-0.281980037689209,"z":0.6220016479492188},"rotation":{"x":-0.16718153655529023,"y":0.7913766503334045,"z":-0.2481873333454132,"w":-0.5330820083618164},"size":11.45151138305664,"orthographic":false}