{"cameraMode":{"drawMode":0,"name":"Shaded","section":"Shading Mode"},"sceneLighting":false,"audioPlay":false,"sceneViewState":{"showFog":true,"showMaterialUpdate":false,"showSkybox":true,"showFlares":true,"showImageEffects":true,"showParticleSystems":true},"in2DMode":false,"pivot":{"x":-2.863224983215332,"y":1.6620004177093506,"z":2.7100000381469728},"rotation":{"x":-0.23274360597133637,"y":0.15243229269981385,"z":-0.03696345537900925,"w":-0.959806501865387},"size":3.6425867080688478,"orthographic":false}